event_id,event_type,event_date,location,description
1,Beach Cleanup,2024-01-01,Location A,Beach Cleanup happening at Location A.
2,Educational Workshop,2024-01-08,Location C,Educational Workshop happening at Location C.
3,Recycling Drive,2024-01-15,Location C,Recycling Drive happening at Location C.
4,Educational Workshop,2024-01-22,Location A,Educational Workshop happening at Location A.
5,Recycling Drive,2024-01-29,Location B,Recycling Drive happening at Location B.
6,Park Cleanup,2024-02-05,Location A,Park Cleanup happening at Location A.
7,Educational Workshop,2024-02-12,Location A,Educational Workshop happening at Location A.
8,Beach Cleanup,2024-02-19,Location A,Beach Cleanup happening at Location A.
9,Recycling Drive,2024-02-26,Location C,Recycling Drive happening at Location C.
10,Educational Workshop,2024-03-04,Location A,Educational Workshop happening at Location A.
11,Educational Workshop,2024-03-11,Location A,Educational Workshop happening at Location A.
12,Recycling Drive,2024-03-18,Location A,Recycling Drive happening at Location A.
13,Park Cleanup,2024-03-25,Location B,Park Cleanup happening at Location B.
14,Park Cleanup,2024-04-01,Location B,Park Cleanup happening at Location B.
15,Park Cleanup,2024-04-08,Location B,Park Cleanup happening at Location B.
16,Park Cleanup,2024-04-15,Location B,Park Cleanup happening at Location B.
17,Recycling Drive,2024-04-22,Location C,Recycling Drive happening at Location C.
18,Beach Cleanup,2024-04-29,Location C,Beach Cleanup happening at Location C.
19,Educational Workshop,2024-05-06,Location A,Educational Workshop happening at Location A.
20,Educational Workshop,2024-05-13,Location C,Educational Workshop happening at Location C.
21,Park Cleanup,2024-05-20,Location B,Park Cleanup happening at Location B.
22,Recycling Drive,2024-05-27,Location A,Recycling Drive happening at Location A.
23,Beach Cleanup,2024-06-03,Location A,Beach Cleanup happening at Location A.
24,Beach Cleanup,2024-06-10,Location B,Beach Cleanup happening at Location B.
25,Educational Workshop,2024-06-17,Location B,Educational Workshop happening at Location B.
26,Park Cleanup,2024-06-24,Location B,Park Cleanup happening at Location B.
27,Educational Workshop,2024-07-01,Location C,Educational Workshop happening at Location C.
28,Educational Workshop,2024-07-08,Location A,Educational Workshop happening at Location A.
29,Beach Cleanup,2024-07-15,Location B,Beach Cleanup happening at Location B.
30,Recycling Drive,2024-07-22,Location A,Recycling Drive happening at Location A.
31,Beach Cleanup,2024-07-29,Location A,Beach Cleanup happening at Location A.
32,Educational Workshop,2024-08-05,Location C,Educational Workshop happening at Location C.
33,Park Cleanup,2024-08-12,Location A,Park Cleanup happening at Location A.
34,Park Cleanup,2024-08-19,Location B,Park Cleanup happening at Location B.
35,Recycling Drive,2024-08-26,Location B,Recycling Drive happening at Location B.
36,Recycling Drive,2024-09-02,Location A,Recycling Drive happening at Location A.
37,Recycling Drive,2024-09-09,Location A,Recycling Drive happening at Location A.
38,Educational Workshop,2024-09-16,Location C,Educational Workshop happening at Location C.
39,Educational Workshop,2024-09-23,Location B,Educational Workshop happening at Location B.
40,Recycling Drive,2024-09-30,Location B,Recycling Drive happening at Location B.
41,Park Cleanup,2024-10-07,Location A,Park Cleanup happening at Location A.
42,Park Cleanup,2024-10-14,Location A,Park Cleanup happening at Location A.
43,Park Cleanup,2024-10-21,Location A,Park Cleanup happening at Location A.
44,Educational Workshop,2024-10-28,Location B,Educational Workshop happening at Location B.
45,Beach Cleanup,2024-11-04,Location A,Beach Cleanup happening at Location A.
46,Park Cleanup,2024-11-11,Location C,Park Cleanup happening at Location C.
47,Park Cleanup,2024-11-18,Location C,Park Cleanup happening at Location C.
48,Park Cleanup,2024-11-25,Location A,Park Cleanup happening at Location A.
49,Recycling Drive,2024-12-02,Location C,Recycling Drive happening at Location C.
50,Educational Workshop,2024-12-09,Location C,Educational Workshop happening at Location C.
51,Recycling Drive,2024-12-16,Location C,Recycling Drive happening at Location C.
52,Recycling Drive,2024-12-23,Location C,Recycling Drive happening at Location C.
53,Beach Cleanup,2024-12-30,Location C,Beach Cleanup happening at Location C.
54,Recycling Drive,2025-01-06,Location B,Recycling Drive happening at Location B.
55,Beach Cleanup,2025-01-13,Location A,Beach Cleanup happening at Location A.
56,Recycling Drive,2025-01-20,Location C,Recycling Drive happening at Location C.
57,Park Cleanup,2025-01-27,Location A,Park Cleanup happening at Location A.
58,Educational Workshop,2025-02-03,Location C,Educational Workshop happening at Location C.
59,Recycling Drive,2025-02-10,Location B,Recycling Drive happening at Location B.
60,Beach Cleanup,2025-02-17,Location B,Beach Cleanup happening at Location B.
61,Educational Workshop,2025-02-24,Location C,Educational Workshop happening at Location C.
62,Beach Cleanup,2025-03-03,Location C,Beach Cleanup happening at Location C.
63,Park Cleanup,2025-03-10,Location C,Park Cleanup happening at Location C.
64,Recycling Drive,2025-03-17,Location B,Recycling Drive happening at Location B.
65,Educational Workshop,2025-03-24,Location B,Educational Workshop happening at Location B.
66,Park Cleanup,2025-03-31,Location A,Park Cleanup happening at Location A.
67,Recycling Drive,2025-04-07,Location B,Recycling Drive happening at Location B.
68,Recycling Drive,2025-04-14,Location C,Recycling Drive happening at Location C.
69,Beach Cleanup,2025-04-21,Location A,Beach Cleanup happening at Location A.
70,Beach Cleanup,2025-04-28,Location B,Beach Cleanup happening at Location B.
71,Park Cleanup,2025-05-05,Location B,Park Cleanup happening at Location B.
72,Beach Cleanup,2025-05-12,Location C,Beach Cleanup happening at Location C.
73,Park Cleanup,2025-05-19,Location A,Park Cleanup happening at Location A.
74,Park Cleanup,2025-05-26,Location B,Park Cleanup happening at Location B.
75,Park Cleanup,2025-06-02,Location B,Park Cleanup happening at Location B.
76,Beach Cleanup,2025-06-09,Location C,Beach Cleanup happening at Location C.
77,Educational Workshop,2025-06-16,Location A,Educational Workshop happening at Location A.
78,Park Cleanup,2025-06-23,Location A,Park Cleanup happening at Location A.
79,Educational Workshop,2025-06-30,Location A,Educational Workshop happening at Location A.
80,Recycling Drive,2025-07-07,Location A,Recycling Drive happening at Location A.
81,Beach Cleanup,2025-07-14,Location C,Beach Cleanup happening at Location C.
82,Beach Cleanup,2025-07-21,Location B,Beach Cleanup happening at Location B.
83,Educational Workshop,2025-07-28,Location B,Educational Workshop happening at Location B.
84,Recycling Drive,2025-08-04,Location A,Recycling Drive happening at Location A.
85,Recycling Drive,2025-08-11,Location A,Recycling Drive happening at Location A.
86,Park Cleanup,2025-08-18,Location A,Park Cleanup happening at Location A.
87,Beach Cleanup,2025-08-25,Location B,Beach Cleanup happening at Location B.
88,Recycling Drive,2025-09-01,Location B,Recycling Drive happening at Location B.
89,Recycling Drive,2025-09-08,Location A,Recycling Drive happening at Location A.
90,Park Cleanup,2025-09-15,Location C,Park Cleanup happening at Location C.
91,Park Cleanup,2025-09-22,Location B,Park Cleanup happening at Location B.
92,Educational Workshop,2025-09-29,Location B,Educational Workshop happening at Location B.
93,Beach Cleanup,2025-10-06,Location A,Beach Cleanup happening at Location A.
94,Recycling Drive,2025-10-13,Location C,Recycling Drive happening at Location C.
95,Educational Workshop,2025-10-20,Location A,Educational Workshop happening at Location A.
96,Beach Cleanup,2025-10-27,Location A,Beach Cleanup happening at Location A.
97,Educational Workshop,2025-11-03,Location C,Educational Workshop happening at Location C.
98,Beach Cleanup,2025-11-10,Location C,Beach Cleanup happening at Location C.
99,Beach Cleanup,2025-11-17,Location C,Beach Cleanup happening at Location C.
100,Recycling Drive,2025-11-24,Location B,Recycling Drive happening at Location B.
101,Beach Cleanup,2025-12-01,Location A,Beach Cleanup happening at Location A.
102,Park Cleanup,2025-12-08,Location B,Park Cleanup happening at Location B.
103,Recycling Drive,2025-12-15,Location C,Recycling Drive happening at Location C.
104,Park Cleanup,2025-12-22,Location B,Park Cleanup happening at Location B.
105,Educational Workshop,2025-12-29,Location C,Educational Workshop happening at Location C.
106,Educational Workshop,2026-01-05,Location C,Educational Workshop happening at Location C.
107,Beach Cleanup,2026-01-12,Location A,Beach Cleanup happening at Location A.
108,Beach Cleanup,2026-01-19,Location A,Beach Cleanup happening at Location A.
109,Park Cleanup,2026-01-26,Location A,Park Cleanup happening at Location A.
110,Park Cleanup,2026-02-02,Location B,Park Cleanup happening at Location B.
111,Park Cleanup,2026-02-09,Location A,Park Cleanup happening at Location A.
112,Educational Workshop,2026-02-16,Location C,Educational Workshop happening at Location C.
113,Park Cleanup,2026-02-23,Location A,Park Cleanup happening at Location A.
114,Recycling Drive,2026-03-02,Location B,Recycling Drive happening at Location B.
115,Recycling Drive,2026-03-09,Location A,Recycling Drive happening at Location A.
116,Educational Workshop,2026-03-16,Location A,Educational Workshop happening at Location A.
117,Park Cleanup,2026-03-23,Location A,Park Cleanup happening at Location A.
118,Park Cleanup,2026-03-30,Location B,Park Cleanup happening at Location B.
119,Beach Cleanup,2026-04-06,Location C,Beach Cleanup happening at Location C.
120,Recycling Drive,2026-04-13,Location C,Recycling Drive happening at Location C.
121,Educational Workshop,2026-04-20,Location C,Educational Workshop happening at Location C.
122,Park Cleanup,2026-04-27,Location A,Park Cleanup happening at Location A.
123,Beach Cleanup,2026-05-04,Location A,Beach Cleanup happening at Location A.
124,Educational Workshop,2026-05-11,Location B,Educational Workshop happening at Location B.
125,Educational Workshop,2026-05-18,Location C,Educational Workshop happening at Location C.
126,Recycling Drive,2026-05-25,Location A,Recycling Drive happening at Location A.
127,Park Cleanup,2026-06-01,Location A,Park Cleanup happening at Location A.
128,Educational Workshop,2026-06-08,Location A,Educational Workshop happening at Location A.
129,Beach Cleanup,2026-06-15,Location B,Beach Cleanup happening at Location B.
130,Beach Cleanup,2026-06-22,Location C,Beach Cleanup happening at Location C.
131,Educational Workshop,2026-06-29,Location B,Educational Workshop happening at Location B.
132,Beach Cleanup,2026-07-06,Location C,Beach Cleanup happening at Location C.
133,Educational Workshop,2026-07-13,Location C,Educational Workshop happening at Location C.
134,Beach Cleanup,2026-07-20,Location A,Beach Cleanup happening at Location A.
135,Educational Workshop,2026-07-27,Location A,Educational Workshop happening at Location A.
136,Educational Workshop,2026-08-03,Location A,Educational Workshop happening at Location A.
137,Educational Workshop,2026-08-10,Location A,Educational Workshop happening at Location A.
138,Beach Cleanup,2026-08-17,Location A,Beach Cleanup happening at Location A.
139,Educational Workshop,2026-08-24,Location C,Educational Workshop happening at Location C.
140,Recycling Drive,2026-08-31,Location A,Recycling Drive happening at Location A.
141,Educational Workshop,2026-09-07,Location A,Educational Workshop happening at Location A.
142,Park Cleanup,2026-09-14,Location B,Park Cleanup happening at Location B.
143,Park Cleanup,2026-09-21,Location B,Park Cleanup happening at Location B.
144,Recycling Drive,2026-09-28,Location C,Recycling Drive happening at Location C.
145,Educational Workshop,2026-10-05,Location C,Educational Workshop happening at Location C.
146,Park Cleanup,2026-10-12,Location B,Park Cleanup happening at Location B.
147,Educational Workshop,2026-10-19,Location B,Educational Workshop happening at Location B.
148,Park Cleanup,2026-10-26,Location A,Park Cleanup happening at Location A.
149,Beach Cleanup,2026-11-02,Location A,Beach Cleanup happening at Location A.
150,Beach Cleanup,2026-11-09,Location C,Beach Cleanup happening at Location C.
151,Recycling Drive,2026-11-16,Location B,Recycling Drive happening at Location B.
152,Recycling Drive,2026-11-23,Location C,Recycling Drive happening at Location C.
153,Educational Workshop,2026-11-30,Location A,Educational Workshop happening at Location A.
154,Recycling Drive,2026-12-07,Location C,Recycling Drive happening at Location C.
155,Educational Workshop,2026-12-14,Location C,Educational Workshop happening at Location C.
156,Beach Cleanup,2026-12-21,Location C,Beach Cleanup happening at Location C.
157,Beach Cleanup,2026-12-28,Location A,Beach Cleanup happening at Location A.
158,Park Cleanup,2027-01-04,Location C,Park Cleanup happening at Location C.
159,Educational Workshop,2027-01-11,Location A,Educational Workshop happening at Location A.
160,Beach Cleanup,2027-01-18,Location B,Beach Cleanup happening at Location B.
161,Beach Cleanup,2027-01-25,Location C,Beach Cleanup happening at Location C.
162,Educational Workshop,2027-02-01,Location C,Educational Workshop happening at Location C.
163,Park Cleanup,2027-02-08,Location A,Park Cleanup happening at Location A.
164,Park Cleanup,2027-02-15,Location C,Park Cleanup happening at Location C.
165,Park Cleanup,2027-02-22,Location A,Park Cleanup happening at Location A.
166,Park Cleanup,2027-03-01,Location C,Park Cleanup happening at Location C.
167,Beach Cleanup,2027-03-08,Location B,Beach Cleanup happening at Location B.
168,Educational Workshop,2027-03-15,Location B,Educational Workshop happening at Location B.
169,Educational Workshop,2027-03-22,Location B,Educational Workshop happening at Location B.
170,Beach Cleanup,2027-03-29,Location C,Beach Cleanup happening at Location C.
171,Beach Cleanup,2027-04-05,Location C,Beach Cleanup happening at Location C.
172,Beach Cleanup,2027-04-12,Location B,Beach Cleanup happening at Location B.
173,Recycling Drive,2027-04-19,Location B,Recycling Drive happening at Location B.
174,Educational Workshop,2027-04-26,Location A,Educational Workshop happening at Location A.
175,Educational Workshop,2027-05-03,Location A,Educational Workshop happening at Location A.
176,Educational Workshop,2027-05-10,Location B,Educational Workshop happening at Location B.
177,Park Cleanup,2027-05-17,Location B,Park Cleanup happening at Location B.
178,Beach Cleanup,2027-05-24,Location C,Beach Cleanup happening at Location C.
179,Beach Cleanup,2027-05-31,Location B,Beach Cleanup happening at Location B.
180,Beach Cleanup,2027-06-07,Location A,Beach Cleanup happening at Location A.
181,Recycling Drive,2027-06-14,Location A,Recycling Drive happening at Location A.
182,Educational Workshop,2027-06-21,Location A,Educational Workshop happening at Location A.
183,Beach Cleanup,2027-06-28,Location A,Beach Cleanup happening at Location A.
184,Recycling Drive,2027-07-05,Location A,Recycling Drive happening at Location A.
185,Beach Cleanup,2027-07-12,Location A,Beach Cleanup happening at Location A.
186,Park Cleanup,2027-07-19,Location B,Park Cleanup happening at Location B.
187,Educational Workshop,2027-07-26,Location A,Educational Workshop happening at Location A.
188,Recycling Drive,2027-08-02,Location A,Recycling Drive happening at Location A.
189,Beach Cleanup,2027-08-09,Location A,Beach Cleanup happening at Location A.
190,Educational Workshop,2027-08-16,Location A,Educational Workshop happening at Location A.
191,Recycling Drive,2027-08-23,Location B,Recycling Drive happening at Location B.
192,Educational Workshop,2027-08-30,Location C,Educational Workshop happening at Location C.
193,Educational Workshop,2027-09-06,Location C,Educational Workshop happening at Location C.
194,Park Cleanup,2027-09-13,Location C,Park Cleanup happening at Location C.
195,Educational Workshop,2027-09-20,Location C,Educational Workshop happening at Location C.
196,Recycling Drive,2027-09-27,Location A,Recycling Drive happening at Location A.
197,Educational Workshop,2027-10-04,Location C,Educational Workshop happening at Location C.
198,Recycling Drive,2027-10-11,Location C,Recycling Drive happening at Location C.
199,Educational Workshop,2027-10-18,Location B,Educational Workshop happening at Location B.
200,Beach Cleanup,2027-10-25,Location B,Beach Cleanup happening at Location B.
201,Park Cleanup,2027-11-01,Location B,Park Cleanup happening at Location B.
202,Beach Cleanup,2027-11-08,Location A,Beach Cleanup happening at Location A.
203,Park Cleanup,2027-11-15,Location A,Park Cleanup happening at Location A.
204,Recycling Drive,2027-11-22,Location A,Recycling Drive happening at Location A.
205,Park Cleanup,2027-11-29,Location B,Park Cleanup happening at Location B.
206,Educational Workshop,2027-12-06,Location C,Educational Workshop happening at Location C.
207,Educational Workshop,2027-12-13,Location B,Educational Workshop happening at Location B.
208,Beach Cleanup,2027-12-20,Location A,Beach Cleanup happening at Location A.
209,Park Cleanup,2027-12-27,Location B,Park Cleanup happening at Location B.
210,Recycling Drive,2028-01-03,Location C,Recycling Drive happening at Location C.
211,Recycling Drive,2028-01-10,Location A,Recycling Drive happening at Location A.
212,Educational Workshop,2028-01-17,Location C,Educational Workshop happening at Location C.
213,Recycling Drive,2028-01-24,Location C,Recycling Drive happening at Location C.
214,Educational Workshop,2028-01-31,Location A,Educational Workshop happening at Location A.
215,Educational Workshop,2028-02-07,Location C,Educational Workshop happening at Location C.
216,Educational Workshop,2028-02-14,Location B,Educational Workshop happening at Location B.
217,Beach Cleanup,2028-02-21,Location C,Beach Cleanup happening at Location C.
218,Beach Cleanup,2028-02-28,Location C,Beach Cleanup happening at Location C.
219,Educational Workshop,2028-03-06,Location C,Educational Workshop happening at Location C.
220,Educational Workshop,2028-03-13,Location B,Educational Workshop happening at Location B.
221,Educational Workshop,2028-03-20,Location C,Educational Workshop happening at Location C.
222,Recycling Drive,2028-03-27,Location C,Recycling Drive happening at Location C.
223,Educational Workshop,2028-04-03,Location B,Educational Workshop happening at Location B.
224,Educational Workshop,2028-04-10,Location A,Educational Workshop happening at Location A.
225,Park Cleanup,2028-04-17,Location A,Park Cleanup happening at Location A.
226,Park Cleanup,2028-04-24,Location A,Park Cleanup happening at Location A.
227,Park Cleanup,2028-05-01,Location C,Park Cleanup happening at Location C.
228,Park Cleanup,2028-05-08,Location A,Park Cleanup happening at Location A.
229,Educational Workshop,2028-05-15,Location B,Educational Workshop happening at Location B.
230,Park Cleanup,2028-05-22,Location C,Park Cleanup happening at Location C.
231,Recycling Drive,2028-05-29,Location C,Recycling Drive happening at Location C.
232,Recycling Drive,2028-06-05,Location C,Recycling Drive happening at Location C.
233,Park Cleanup,2028-06-12,Location A,Park Cleanup happening at Location A.
234,Beach Cleanup,2028-06-19,Location A,Beach Cleanup happening at Location A.
235,Recycling Drive,2028-06-26,Location A,Recycling Drive happening at Location A.
236,Recycling Drive,2028-07-03,Location C,Recycling Drive happening at Location C.
237,Park Cleanup,2028-07-10,Location B,Park Cleanup happening at Location B.
238,Park Cleanup,2028-07-17,Location C,Park Cleanup happening at Location C.
239,Educational Workshop,2028-07-24,Location B,Educational Workshop happening at Location B.
240,Recycling Drive,2028-07-31,Location C,Recycling Drive happening at Location C.
241,Park Cleanup,2028-08-07,Location B,Park Cleanup happening at Location B.
242,Park Cleanup,2028-08-14,Location C,Park Cleanup happening at Location C.
243,Educational Workshop,2028-08-21,Location C,Educational Workshop happening at Location C.
244,Recycling Drive,2028-08-28,Location B,Recycling Drive happening at Location B.
245,Park Cleanup,2028-09-04,Location B,Park Cleanup happening at Location B.
246,Educational Workshop,2028-09-11,Location B,Educational Workshop happening at Location B.
247,Park Cleanup,2028-09-18,Location B,Park Cleanup happening at Location B.
248,Beach Cleanup,2028-09-25,Location B,Beach Cleanup happening at Location B.
249,Beach Cleanup,2028-10-02,Location B,Beach Cleanup happening at Location B.
250,Park Cleanup,2028-10-09,Location B,Park Cleanup happening at Location B.
251,Recycling Drive,2028-10-16,Location B,Recycling Drive happening at Location B.
252,Beach Cleanup,2028-10-23,Location C,Beach Cleanup happening at Location C.
253,Educational Workshop,2028-10-30,Location B,Educational Workshop happening at Location B.
254,Park Cleanup,2028-11-06,Location B,Park Cleanup happening at Location B.
255,Educational Workshop,2028-11-13,Location C,Educational Workshop happening at Location C.
256,Beach Cleanup,2028-11-20,Location C,Beach Cleanup happening at Location C.
257,Recycling Drive,2028-11-27,Location A,Recycling Drive happening at Location A.
258,Educational Workshop,2028-12-04,Location A,Educational Workshop happening at Location A.
259,Beach Cleanup,2028-12-11,Location B,Beach Cleanup happening at Location B.
260,Beach Cleanup,2028-12-18,Location B,Beach Cleanup happening at Location B.
261,Beach Cleanup,2028-12-25,Location A,Beach Cleanup happening at Location A.
262,Educational Workshop,2029-01-01,Location A,Educational Workshop happening at Location A.
263,Beach Cleanup,2029-01-08,Location B,Beach Cleanup happening at Location B.
264,Park Cleanup,2029-01-15,Location A,Park Cleanup happening at Location A.
265,Beach Cleanup,2029-01-22,Location B,Beach Cleanup happening at Location B.
266,Park Cleanup,2029-01-29,Location C,Park Cleanup happening at Location C.
267,Recycling Drive,2029-02-05,Location C,Recycling Drive happening at Location C.
268,Park Cleanup,2029-02-12,Location A,Park Cleanup happening at Location A.
269,Recycling Drive,2029-02-19,Location C,Recycling Drive happening at Location C.
270,Recycling Drive,2029-02-26,Location C,Recycling Drive happening at Location C.
271,Park Cleanup,2029-03-05,Location C,Park Cleanup happening at Location C.
272,Recycling Drive,2029-03-12,Location C,Recycling Drive happening at Location C.
273,Park Cleanup,2029-03-19,Location B,Park Cleanup happening at Location B.
274,Educational Workshop,2029-03-26,Location B,Educational Workshop happening at Location B.
275,Recycling Drive,2029-04-02,Location A,Recycling Drive happening at Location A.
276,Park Cleanup,2029-04-09,Location C,Park Cleanup happening at Location C.
277,Recycling Drive,2029-04-16,Location C,Recycling Drive happening at Location C.
278,Beach Cleanup,2029-04-23,Location C,Beach Cleanup happening at Location C.
279,Park Cleanup,2029-04-30,Location A,Park Cleanup happening at Location A.
280,Beach Cleanup,2029-05-07,Location B,Beach Cleanup happening at Location B.
281,Recycling Drive,2029-05-14,Location C,Recycling Drive happening at Location C.
282,Recycling Drive,2029-05-21,Location B,Recycling Drive happening at Location B.
283,Educational Workshop,2029-05-28,Location A,Educational Workshop happening at Location A.
284,Park Cleanup,2029-06-04,Location B,Park Cleanup happening at Location B.
285,Beach Cleanup,2029-06-11,Location C,Beach Cleanup happening at Location C.
286,Educational Workshop,2029-06-18,Location B,Educational Workshop happening at Location B.
287,Recycling Drive,2029-06-25,Location B,Recycling Drive happening at Location B.
288,Recycling Drive,2029-07-02,Location A,Recycling Drive happening at Location A.
289,Educational Workshop,2029-07-09,Location A,Educational Workshop happening at Location A.
290,Beach Cleanup,2029-07-16,Location A,Beach Cleanup happening at Location A.
291,Recycling Drive,2029-07-23,Location A,Recycling Drive happening at Location A.
292,Recycling Drive,2029-07-30,Location B,Recycling Drive happening at Location B.
293,Park Cleanup,2029-08-06,Location B,Park Cleanup happening at Location B.
294,Educational Workshop,2029-08-13,Location A,Educational Workshop happening at Location A.
295,Recycling Drive,2029-08-20,Location A,Recycling Drive happening at Location A.
296,Beach Cleanup,2029-08-27,Location C,Beach Cleanup happening at Location C.
297,Park Cleanup,2029-09-03,Location C,Park Cleanup happening at Location C.
298,Educational Workshop,2029-09-10,Location A,Educational Workshop happening at Location A.
299,Beach Cleanup,2029-09-17,Location B,Beach Cleanup happening at Location B.
300,Recycling Drive,2029-09-24,Location A,Recycling Drive happening at Location A.
301,Educational Workshop,2029-10-01,Location B,Educational Workshop happening at Location B.
302,Educational Workshop,2029-10-08,Location B,Educational Workshop happening at Location B.
303,Beach Cleanup,2029-10-15,Location C,Beach Cleanup happening at Location C.
304,Educational Workshop,2029-10-22,Location A,Educational Workshop happening at Location A.
305,Beach Cleanup,2029-10-29,Location A,Beach Cleanup happening at Location A.
306,Recycling Drive,2029-11-05,Location B,Recycling Drive happening at Location B.
307,Park Cleanup,2029-11-12,Location A,Park Cleanup happening at Location A.
308,Beach Cleanup,2029-11-19,Location C,Beach Cleanup happening at Location C.
309,Park Cleanup,2029-11-26,Location C,Park Cleanup happening at Location C.
310,Educational Workshop,2029-12-03,Location A,Educational Workshop happening at Location A.
311,Beach Cleanup,2029-12-10,Location A,Beach Cleanup happening at Location A.
312,Recycling Drive,2029-12-17,Location C,Recycling Drive happening at Location C.
313,Beach Cleanup,2029-12-24,Location A,Beach Cleanup happening at Location A.
314,Beach Cleanup,2029-12-31,Location B,Beach Cleanup happening at Location B.
315,Beach Cleanup,2030-01-07,Location A,Beach Cleanup happening at Location A.
316,Park Cleanup,2030-01-14,Location B,Park Cleanup happening at Location B.
317,Park Cleanup,2030-01-21,Location A,Park Cleanup happening at Location A.
318,Educational Workshop,2030-01-28,Location A,Educational Workshop happening at Location A.
319,Educational Workshop,2030-02-04,Location C,Educational Workshop happening at Location C.
320,Educational Workshop,2030-02-11,Location B,Educational Workshop happening at Location B.
321,Educational Workshop,2030-02-18,Location C,Educational Workshop happening at Location C.
322,Beach Cleanup,2030-02-25,Location A,Beach Cleanup happening at Location A.
323,Park Cleanup,2030-03-04,Location C,Park Cleanup happening at Location C.
324,Park Cleanup,2030-03-11,Location A,Park Cleanup happening at Location A.
325,Park Cleanup,2030-03-18,Location A,Park Cleanup happening at Location A.
326,Park Cleanup,2030-03-25,Location A,Park Cleanup happening at Location A.
327,Educational Workshop,2030-04-01,Location B,Educational Workshop happening at Location B.
328,Beach Cleanup,2030-04-08,Location B,Beach Cleanup happening at Location B.
329,Park Cleanup,2030-04-15,Location B,Park Cleanup happening at Location B.
330,Recycling Drive,2030-04-22,Location C,Recycling Drive happening at Location C.
331,Beach Cleanup,2030-04-29,Location A,Beach Cleanup happening at Location A.
332,Recycling Drive,2030-05-06,Location C,Recycling Drive happening at Location C.
333,Beach Cleanup,2030-05-13,Location C,Beach Cleanup happening at Location C.
334,Beach Cleanup,2030-05-20,Location A,Beach Cleanup happening at Location A.
335,Beach Cleanup,2030-05-27,Location C,Beach Cleanup happening at Location C.
336,Recycling Drive,2030-06-03,Location A,Recycling Drive happening at Location A.
337,Park Cleanup,2030-06-10,Location A,Park Cleanup happening at Location A.
338,Park Cleanup,2030-06-17,Location A,Park Cleanup happening at Location A.
339,Recycling Drive,2030-06-24,Location A,Recycling Drive happening at Location A.
340,Park Cleanup,2030-07-01,Location C,Park Cleanup happening at Location C.
341,Educational Workshop,2030-07-08,Location C,Educational Workshop happening at Location C.
342,Park Cleanup,2030-07-15,Location C,Park Cleanup happening at Location C.
343,Educational Workshop,2030-07-22,Location B,Educational Workshop happening at Location B.
344,Educational Workshop,2030-07-29,Location C,Educational Workshop happening at Location C.
345,Educational Workshop,2030-08-05,Location C,Educational Workshop happening at Location C.
346,Recycling Drive,2030-08-12,Location B,Recycling Drive happening at Location B.
347,Park Cleanup,2030-08-19,Location A,Park Cleanup happening at Location A.
348,Park Cleanup,2030-08-26,Location A,Park Cleanup happening at Location A.
349,Recycling Drive,2030-09-02,Location A,Recycling Drive happening at Location A.
350,Recycling Drive,2030-09-09,Location B,Recycling Drive happening at Location B.
351,Park Cleanup,2030-09-16,Location C,Park Cleanup happening at Location C.
352,Recycling Drive,2030-09-23,Location C,Recycling Drive happening at Location C.
353,Recycling Drive,2030-09-30,Location C,Recycling Drive happening at Location C.
354,Educational Workshop,2030-10-07,Location C,Educational Workshop happening at Location C.
355,Recycling Drive,2030-10-14,Location B,Recycling Drive happening at Location B.
356,Educational Workshop,2030-10-21,Location C,Educational Workshop happening at Location C.
357,Beach Cleanup,2030-10-28,Location A,Beach Cleanup happening at Location A.
358,Educational Workshop,2030-11-04,Location B,Educational Workshop happening at Location B.
359,Educational Workshop,2030-11-11,Location B,Educational Workshop happening at Location B.
360,Recycling Drive,2030-11-18,Location A,Recycling Drive happening at Location A.
361,Park Cleanup,2030-11-25,Location A,Park Cleanup happening at Location A.
362,Beach Cleanup,2030-12-02,Location C,Beach Cleanup happening at Location C.
363,Beach Cleanup,2030-12-09,Location A,Beach Cleanup happening at Location A.
364,Beach Cleanup,2030-12-16,Location B,Beach Cleanup happening at Location B.
365,Park Cleanup,2030-12-23,Location B,Park Cleanup happening at Location B.
366,Beach Cleanup,2030-12-30,Location B,Beach Cleanup happening at Location B.
367,Beach Cleanup,2031-01-06,Location C,Beach Cleanup happening at Location C.
368,Park Cleanup,2031-01-13,Location C,Park Cleanup happening at Location C.
369,Beach Cleanup,2031-01-20,Location A,Beach Cleanup happening at Location A.
370,Recycling Drive,2031-01-27,Location C,Recycling Drive happening at Location C.
371,Recycling Drive,2031-02-03,Location C,Recycling Drive happening at Location C.
372,Educational Workshop,2031-02-10,Location B,Educational Workshop happening at Location B.
373,Educational Workshop,2031-02-17,Location B,Educational Workshop happening at Location B.
374,Educational Workshop,2031-02-24,Location A,Educational Workshop happening at Location A.
375,Recycling Drive,2031-03-03,Location B,Recycling Drive happening at Location B.
376,Recycling Drive,2031-03-10,Location C,Recycling Drive happening at Location C.
377,Recycling Drive,2031-03-17,Location A,Recycling Drive happening at Location A.
378,Educational Workshop,2031-03-24,Location A,Educational Workshop happening at Location A.
379,Educational Workshop,2031-03-31,Location B,Educational Workshop happening at Location B.
380,Educational Workshop,2031-04-07,Location B,Educational Workshop happening at Location B.
381,Educational Workshop,2031-04-14,Location B,Educational Workshop happening at Location B.
382,Educational Workshop,2031-04-21,Location A,Educational Workshop happening at Location A.
383,Educational Workshop,2031-04-28,Location B,Educational Workshop happening at Location B.
384,Recycling Drive,2031-05-05,Location C,Recycling Drive happening at Location C.
385,Park Cleanup,2031-05-12,Location A,Park Cleanup happening at Location A.
386,Park Cleanup,2031-05-19,Location B,Park Cleanup happening at Location B.
387,Educational Workshop,2031-05-26,Location C,Educational Workshop happening at Location C.
388,Park Cleanup,2031-06-02,Location C,Park Cleanup happening at Location C.
389,Park Cleanup,2031-06-09,Location B,Park Cleanup happening at Location B.
390,Recycling Drive,2031-06-16,Location C,Recycling Drive happening at Location C.
391,Educational Workshop,2031-06-23,Location A,Educational Workshop happening at Location A.
392,Educational Workshop,2031-06-30,Location A,Educational Workshop happening at Location A.
393,Park Cleanup,2031-07-07,Location C,Park Cleanup happening at Location C.
394,Educational Workshop,2031-07-14,Location A,Educational Workshop happening at Location A.
395,Educational Workshop,2031-07-21,Location B,Educational Workshop happening at Location B.
396,Educational Workshop,2031-07-28,Location C,Educational Workshop happening at Location C.
397,Educational Workshop,2031-08-04,Location A,Educational Workshop happening at Location A.
398,Park Cleanup,2031-08-11,Location B,Park Cleanup happening at Location B.
399,Beach Cleanup,2031-08-18,Location B,Beach Cleanup happening at Location B.
400,Park Cleanup,2031-08-25,Location A,Park Cleanup happening at Location A.
401,Recycling Drive,2031-09-01,Location C,Recycling Drive happening at Location C.
402,Beach Cleanup,2031-09-08,Location B,Beach Cleanup happening at Location B.
403,Beach Cleanup,2031-09-15,Location B,Beach Cleanup happening at Location B.
404,Beach Cleanup,2031-09-22,Location B,Beach Cleanup happening at Location B.
405,Park Cleanup,2031-09-29,Location B,Park Cleanup happening at Location B.
406,Recycling Drive,2031-10-06,Location C,Recycling Drive happening at Location C.
407,Park Cleanup,2031-10-13,Location A,Park Cleanup happening at Location A.
408,Recycling Drive,2031-10-20,Location A,Recycling Drive happening at Location A.
409,Park Cleanup,2031-10-27,Location A,Park Cleanup happening at Location A.
410,Park Cleanup,2031-11-03,Location B,Park Cleanup happening at Location B.
411,Park Cleanup,2031-11-10,Location C,Park Cleanup happening at Location C.
412,Beach Cleanup,2031-11-17,Location A,Beach Cleanup happening at Location A.
413,Park Cleanup,2031-11-24,Location C,Park Cleanup happening at Location C.
414,Recycling Drive,2031-12-01,Location A,Recycling Drive happening at Location A.
415,Recycling Drive,2031-12-08,Location B,Recycling Drive happening at Location B.
416,Recycling Drive,2031-12-15,Location A,Recycling Drive happening at Location A.
417,Beach Cleanup,2031-12-22,Location B,Beach Cleanup happening at Location B.
418,Park Cleanup,2031-12-29,Location B,Park Cleanup happening at Location B.
419,Park Cleanup,2032-01-05,Location A,Park Cleanup happening at Location A.
420,Educational Workshop,2032-01-12,Location C,Educational Workshop happening at Location C.
421,Beach Cleanup,2032-01-19,Location B,Beach Cleanup happening at Location B.
422,Recycling Drive,2032-01-26,Location C,Recycling Drive happening at Location C.
423,Recycling Drive,2032-02-02,Location A,Recycling Drive happening at Location A.
424,Park Cleanup,2032-02-09,Location B,Park Cleanup happening at Location B.
425,Recycling Drive,2032-02-16,Location C,Recycling Drive happening at Location C.
426,Park Cleanup,2032-02-23,Location B,Park Cleanup happening at Location B.
427,Park Cleanup,2032-03-01,Location A,Park Cleanup happening at Location A.
428,Educational Workshop,2032-03-08,Location B,Educational Workshop happening at Location B.
429,Beach Cleanup,2032-03-15,Location A,Beach Cleanup happening at Location A.
430,Park Cleanup,2032-03-22,Location C,Park Cleanup happening at Location C.
431,Park Cleanup,2032-03-29,Location B,Park Cleanup happening at Location B.
432,Park Cleanup,2032-04-05,Location C,Park Cleanup happening at Location C.
433,Educational Workshop,2032-04-12,Location A,Educational Workshop happening at Location A.
434,Park Cleanup,2032-04-19,Location A,Park Cleanup happening at Location A.
435,Beach Cleanup,2032-04-26,Location C,Beach Cleanup happening at Location C.
436,Beach Cleanup,2032-05-03,Location C,Beach Cleanup happening at Location C.
437,Recycling Drive,2032-05-10,Location A,Recycling Drive happening at Location A.
438,Beach Cleanup,2032-05-17,Location C,Beach Cleanup happening at Location C.
439,Recycling Drive,2032-05-24,Location A,Recycling Drive happening at Location A.
440,Beach Cleanup,2032-05-31,Location C,Beach Cleanup happening at Location C.
441,Recycling Drive,2032-06-07,Location A,Recycling Drive happening at Location A.
442,Park Cleanup,2032-06-14,Location A,Park Cleanup happening at Location A.
443,Educational Workshop,2032-06-21,Location B,Educational Workshop happening at Location B.
444,Educational Workshop,2032-06-28,Location A,Educational Workshop happening at Location A.
445,Educational Workshop,2032-07-05,Location A,Educational Workshop happening at Location A.
446,Park Cleanup,2032-07-12,Location B,Park Cleanup happening at Location B.
447,Educational Workshop,2032-07-19,Location B,Educational Workshop happening at Location B.
448,Beach Cleanup,2032-07-26,Location C,Beach Cleanup happening at Location C.
449,Recycling Drive,2032-08-02,Location C,Recycling Drive happening at Location C.
450,Park Cleanup,2032-08-09,Location A,Park Cleanup happening at Location A.
451,Educational Workshop,2032-08-16,Location C,Educational Workshop happening at Location C.
452,Beach Cleanup,2032-08-23,Location C,Beach Cleanup happening at Location C.
453,Beach Cleanup,2032-08-30,Location A,Beach Cleanup happening at Location A.
454,Park Cleanup,2032-09-06,Location B,Park Cleanup happening at Location B.
455,Park Cleanup,2032-09-13,Location B,Park Cleanup happening at Location B.
456,Educational Workshop,2032-09-20,Location A,Educational Workshop happening at Location A.
457,Recycling Drive,2032-09-27,Location A,Recycling Drive happening at Location A.
458,Educational Workshop,2032-10-04,Location A,Educational Workshop happening at Location A.
459,Educational Workshop,2032-10-11,Location A,Educational Workshop happening at Location A.
460,Park Cleanup,2032-10-18,Location A,Park Cleanup happening at Location A.
461,Educational Workshop,2032-10-25,Location A,Educational Workshop happening at Location A.
462,Educational Workshop,2032-11-01,Location C,Educational Workshop happening at Location C.
463,Recycling Drive,2032-11-08,Location C,Recycling Drive happening at Location C.
464,Beach Cleanup,2032-11-15,Location C,Beach Cleanup happening at Location C.
465,Beach Cleanup,2032-11-22,Location B,Beach Cleanup happening at Location B.
466,Recycling Drive,2032-11-29,Location A,Recycling Drive happening at Location A.
467,Beach Cleanup,2032-12-06,Location A,Beach Cleanup happening at Location A.
468,Educational Workshop,2032-12-13,Location C,Educational Workshop happening at Location C.
469,Recycling Drive,2032-12-20,Location B,Recycling Drive happening at Location B.
470,Recycling Drive,2032-12-27,Location C,Recycling Drive happening at Location C.
471,Park Cleanup,2033-01-03,Location A,Park Cleanup happening at Location A.
472,Beach Cleanup,2033-01-10,Location A,Beach Cleanup happening at Location A.
473,Park Cleanup,2033-01-17,Location C,Park Cleanup happening at Location C.
474,Educational Workshop,2033-01-24,Location C,Educational Workshop happening at Location C.
475,Recycling Drive,2033-01-31,Location A,Recycling Drive happening at Location A.
476,Educational Workshop,2033-02-07,Location C,Educational Workshop happening at Location C.
477,Beach Cleanup,2033-02-14,Location A,Beach Cleanup happening at Location A.
478,Park Cleanup,2033-02-21,Location C,Park Cleanup happening at Location C.
479,Beach Cleanup,2033-02-28,Location B,Beach Cleanup happening at Location B.
480,Educational Workshop,2033-03-07,Location A,Educational Workshop happening at Location A.
481,Park Cleanup,2033-03-14,Location B,Park Cleanup happening at Location B.
482,Beach Cleanup,2033-03-21,Location C,Beach Cleanup happening at Location C.
483,Educational Workshop,2033-03-28,Location B,Educational Workshop happening at Location B.
484,Beach Cleanup,2033-04-04,Location C,Beach Cleanup happening at Location C.
485,Recycling Drive,2033-04-11,Location B,Recycling Drive happening at Location B.
486,Park Cleanup,2033-04-18,Location B,Park Cleanup happening at Location B.
487,Park Cleanup,2033-04-25,Location B,Park Cleanup happening at Location B.
488,Park Cleanup,2033-05-02,Location A,Park Cleanup happening at Location A.
489,Recycling Drive,2033-05-09,Location B,Recycling Drive happening at Location B.
490,Park Cleanup,2033-05-16,Location C,Park Cleanup happening at Location C.
491,Recycling Drive,2033-05-23,Location C,Recycling Drive happening at Location C.
492,Park Cleanup,2033-05-30,Location A,Park Cleanup happening at Location A.
493,Beach Cleanup,2033-06-06,Location A,Beach Cleanup happening at Location A.
494,Beach Cleanup,2033-06-13,Location C,Beach Cleanup happening at Location C.
495,Beach Cleanup,2033-06-20,Location B,Beach Cleanup happening at Location B.
496,Beach Cleanup,2033-06-27,Location C,Beach Cleanup happening at Location C.
497,Recycling Drive,2033-07-04,Location A,Recycling Drive happening at Location A.
498,Educational Workshop,2033-07-11,Location A,Educational Workshop happening at Location A.
499,Educational Workshop,2033-07-18,Location C,Educational Workshop happening at Location C.
500,Beach Cleanup,2033-07-25,Location B,Beach Cleanup happening at Location B.
501,Educational Workshop,2033-08-01,Location B,Educational Workshop happening at Location B.
502,Educational Workshop,2033-08-08,Location A,Educational Workshop happening at Location A.
503,Park Cleanup,2033-08-15,Location C,Park Cleanup happening at Location C.
504,Recycling Drive,2033-08-22,Location C,Recycling Drive happening at Location C.
505,Beach Cleanup,2033-08-29,Location A,Beach Cleanup happening at Location A.
506,Educational Workshop,2033-09-05,Location C,Educational Workshop happening at Location C.
507,Educational Workshop,2033-09-12,Location A,Educational Workshop happening at Location A.
508,Beach Cleanup,2033-09-19,Location B,Beach Cleanup happening at Location B.
509,Park Cleanup,2033-09-26,Location B,Park Cleanup happening at Location B.
510,Beach Cleanup,2033-10-03,Location C,Beach Cleanup happening at Location C.
511,Park Cleanup,2033-10-10,Location B,Park Cleanup happening at Location B.
512,Educational Workshop,2033-10-17,Location B,Educational Workshop happening at Location B.
513,Recycling Drive,2033-10-24,Location A,Recycling Drive happening at Location A.
514,Park Cleanup,2033-10-31,Location A,Park Cleanup happening at Location A.
515,Park Cleanup,2033-11-07,Location C,Park Cleanup happening at Location C.
516,Beach Cleanup,2033-11-14,Location A,Beach Cleanup happening at Location A.
517,Educational Workshop,2033-11-21,Location C,Educational Workshop happening at Location C.
518,Recycling Drive,2033-11-28,Location C,Recycling Drive happening at Location C.
519,Beach Cleanup,2033-12-05,Location A,Beach Cleanup happening at Location A.
520,Beach Cleanup,2033-12-12,Location B,Beach Cleanup happening at Location B.
521,Recycling Drive,2033-12-19,Location B,Recycling Drive happening at Location B.
522,Educational Workshop,2033-12-26,Location B,Educational Workshop happening at Location B.
523,Recycling Drive,2034-01-02,Location B,Recycling Drive happening at Location B.
524,Beach Cleanup,2034-01-09,Location C,Beach Cleanup happening at Location C.
525,Beach Cleanup,2034-01-16,Location B,Beach Cleanup happening at Location B.
526,Park Cleanup,2034-01-23,Location C,Park Cleanup happening at Location C.
527,Recycling Drive,2034-01-30,Location A,Recycling Drive happening at Location A.
528,Recycling Drive,2034-02-06,Location A,Recycling Drive happening at Location A.
529,Recycling Drive,2034-02-13,Location C,Recycling Drive happening at Location C.
530,Beach Cleanup,2034-02-20,Location B,Beach Cleanup happening at Location B.
531,Educational Workshop,2034-02-27,Location C,Educational Workshop happening at Location C.
532,Beach Cleanup,2034-03-06,Location B,Beach Cleanup happening at Location B.
533,Park Cleanup,2034-03-13,Location B,Park Cleanup happening at Location B.
534,Beach Cleanup,2034-03-20,Location C,Beach Cleanup happening at Location C.
535,Beach Cleanup,2034-03-27,Location C,Beach Cleanup happening at Location C.
536,Beach Cleanup,2034-04-03,Location B,Beach Cleanup happening at Location B.
537,Park Cleanup,2034-04-10,Location C,Park Cleanup happening at Location C.
538,Recycling Drive,2034-04-17,Location B,Recycling Drive happening at Location B.
539,Educational Workshop,2034-04-24,Location C,Educational Workshop happening at Location C.
540,Educational Workshop,2034-05-01,Location A,Educational Workshop happening at Location A.
541,Park Cleanup,2034-05-08,Location B,Park Cleanup happening at Location B.
542,Recycling Drive,2034-05-15,Location A,Recycling Drive happening at Location A.
543,Recycling Drive,2034-05-22,Location C,Recycling Drive happening at Location C.
544,Park Cleanup,2034-05-29,Location A,Park Cleanup happening at Location A.
545,Beach Cleanup,2034-06-05,Location C,Beach Cleanup happening at Location C.
546,Recycling Drive,2034-06-12,Location B,Recycling Drive happening at Location B.
547,Educational Workshop,2034-06-19,Location C,Educational Workshop happening at Location C.
548,Park Cleanup,2034-06-26,Location C,Park Cleanup happening at Location C.
549,Educational Workshop,2034-07-03,Location B,Educational Workshop happening at Location B.
550,Beach Cleanup,2034-07-10,Location C,Beach Cleanup happening at Location C.
551,Park Cleanup,2034-07-17,Location B,Park Cleanup happening at Location B.
552,Educational Workshop,2034-07-24,Location C,Educational Workshop happening at Location C.
553,Educational Workshop,2034-07-31,Location B,Educational Workshop happening at Location B.
554,Beach Cleanup,2034-08-07,Location A,Beach Cleanup happening at Location A.
555,Park Cleanup,2034-08-14,Location C,Park Cleanup happening at Location C.
556,Recycling Drive,2034-08-21,Location C,Recycling Drive happening at Location C.
557,Recycling Drive,2034-08-28,Location C,Recycling Drive happening at Location C.
558,Educational Workshop,2034-09-04,Location B,Educational Workshop happening at Location B.
559,Beach Cleanup,2034-09-11,Location C,Beach Cleanup happening at Location C.
560,Educational Workshop,2034-09-18,Location B,Educational Workshop happening at Location B.
561,Beach Cleanup,2034-09-25,Location C,Beach Cleanup happening at Location C.
562,Recycling Drive,2034-10-02,Location A,Recycling Drive happening at Location A.
563,Educational Workshop,2034-10-09,Location C,Educational Workshop happening at Location C.
564,Educational Workshop,2034-10-16,Location A,Educational Workshop happening at Location A.
565,Beach Cleanup,2034-10-23,Location B,Beach Cleanup happening at Location B.
566,Park Cleanup,2034-10-30,Location A,Park Cleanup happening at Location A.
567,Beach Cleanup,2034-11-06,Location C,Beach Cleanup happening at Location C.
568,Park Cleanup,2034-11-13,Location C,Park Cleanup happening at Location C.
569,Recycling Drive,2034-11-20,Location B,Recycling Drive happening at Location B.
570,Educational Workshop,2034-11-27,Location C,Educational Workshop happening at Location C.
571,Educational Workshop,2034-12-04,Location C,Educational Workshop happening at Location C.
572,Beach Cleanup,2034-12-11,Location B,Beach Cleanup happening at Location B.
573,Beach Cleanup,2034-12-18,Location B,Beach Cleanup happening at Location B.
574,Recycling Drive,2034-12-25,Location A,Recycling Drive happening at Location A.
575,Recycling Drive,2035-01-01,Location B,Recycling Drive happening at Location B.
576,Park Cleanup,2035-01-08,Location C,Park Cleanup happening at Location C.
577,Recycling Drive,2035-01-15,Location B,Recycling Drive happening at Location B.
578,Recycling Drive,2035-01-22,Location C,Recycling Drive happening at Location C.
579,Recycling Drive,2035-01-29,Location A,Recycling Drive happening at Location A.
580,Recycling Drive,2035-02-05,Location B,Recycling Drive happening at Location B.
581,Park Cleanup,2035-02-12,Location C,Park Cleanup happening at Location C.
582,Recycling Drive,2035-02-19,Location B,Recycling Drive happening at Location B.
583,Park Cleanup,2035-02-26,Location B,Park Cleanup happening at Location B.
584,Beach Cleanup,2035-03-05,Location B,Beach Cleanup happening at Location B.
585,Educational Workshop,2035-03-12,Location B,Educational Workshop happening at Location B.
586,Beach Cleanup,2035-03-19,Location A,Beach Cleanup happening at Location A.
587,Recycling Drive,2035-03-26,Location C,Recycling Drive happening at Location C.
588,Educational Workshop,2035-04-02,Location B,Educational Workshop happening at Location B.
589,Recycling Drive,2035-04-09,Location C,Recycling Drive happening at Location C.
590,Recycling Drive,2035-04-16,Location A,Recycling Drive happening at Location A.
591,Beach Cleanup,2035-04-23,Location C,Beach Cleanup happening at Location C.
592,Recycling Drive,2035-04-30,Location C,Recycling Drive happening at Location C.
593,Beach Cleanup,2035-05-07,Location A,Beach Cleanup happening at Location A.
594,Recycling Drive,2035-05-14,Location B,Recycling Drive happening at Location B.
595,Park Cleanup,2035-05-21,Location C,Park Cleanup happening at Location C.
596,Educational Workshop,2035-05-28,Location C,Educational Workshop happening at Location C.
597,Beach Cleanup,2035-06-04,Location B,Beach Cleanup happening at Location B.
598,Beach Cleanup,2035-06-11,Location B,Beach Cleanup happening at Location B.
599,Educational Workshop,2035-06-18,Location C,Educational Workshop happening at Location C.
600,Beach Cleanup,2035-06-25,Location A,Beach Cleanup happening at Location A.
601,Educational Workshop,2035-07-02,Location B,Educational Workshop happening at Location B.
602,Park Cleanup,2035-07-09,Location B,Park Cleanup happening at Location B.
603,Recycling Drive,2035-07-16,Location A,Recycling Drive happening at Location A.
604,Park Cleanup,2035-07-23,Location C,Park Cleanup happening at Location C.
605,Recycling Drive,2035-07-30,Location B,Recycling Drive happening at Location B.
606,Educational Workshop,2035-08-06,Location C,Educational Workshop happening at Location C.
607,Park Cleanup,2035-08-13,Location C,Park Cleanup happening at Location C.
608,Recycling Drive,2035-08-20,Location C,Recycling Drive happening at Location C.
609,Educational Workshop,2035-08-27,Location A,Educational Workshop happening at Location A.
610,Recycling Drive,2035-09-03,Location C,Recycling Drive happening at Location C.
611,Beach Cleanup,2035-09-10,Location C,Beach Cleanup happening at Location C.
612,Beach Cleanup,2035-09-17,Location B,Beach Cleanup happening at Location B.
613,Educational Workshop,2035-09-24,Location B,Educational Workshop happening at Location B.
614,Recycling Drive,2035-10-01,Location A,Recycling Drive happening at Location A.
615,Beach Cleanup,2035-10-08,Location A,Beach Cleanup happening at Location A.
616,Park Cleanup,2035-10-15,Location B,Park Cleanup happening at Location B.
617,Recycling Drive,2035-10-22,Location B,Recycling Drive happening at Location B.
618,Recycling Drive,2035-10-29,Location A,Recycling Drive happening at Location A.
619,Beach Cleanup,2035-11-05,Location C,Beach Cleanup happening at Location C.
620,Beach Cleanup,2035-11-12,Location A,Beach Cleanup happening at Location A.
621,Educational Workshop,2035-11-19,Location C,Educational Workshop happening at Location C.
622,Recycling Drive,2035-11-26,Location B,Recycling Drive happening at Location B.
623,Park Cleanup,2035-12-03,Location B,Park Cleanup happening at Location B.
624,Beach Cleanup,2035-12-10,Location B,Beach Cleanup happening at Location B.
625,Recycling Drive,2035-12-17,Location C,Recycling Drive happening at Location C.
626,Beach Cleanup,2035-12-24,Location A,Beach Cleanup happening at Location A.
627,Educational Workshop,2035-12-31,Location C,Educational Workshop happening at Location C.
628,Recycling Drive,2036-01-07,Location A,Recycling Drive happening at Location A.
629,Recycling Drive,2036-01-14,Location A,Recycling Drive happening at Location A.
630,Educational Workshop,2036-01-21,Location A,Educational Workshop happening at Location A.
631,Park Cleanup,2036-01-28,Location B,Park Cleanup happening at Location B.
632,Beach Cleanup,2036-02-04,Location A,Beach Cleanup happening at Location A.
633,Educational Workshop,2036-02-11,Location B,Educational Workshop happening at Location B.
634,Recycling Drive,2036-02-18,Location A,Recycling Drive happening at Location A.
635,Educational Workshop,2036-02-25,Location A,Educational Workshop happening at Location A.
636,Recycling Drive,2036-03-03,Location B,Recycling Drive happening at Location B.
637,Educational Workshop,2036-03-10,Location B,Educational Workshop happening at Location B.
638,Park Cleanup,2036-03-17,Location C,Park Cleanup happening at Location C.
639,Recycling Drive,2036-03-24,Location A,Recycling Drive happening at Location A.
640,Educational Workshop,2036-03-31,Location B,Educational Workshop happening at Location B.
641,Park Cleanup,2036-04-07,Location C,Park Cleanup happening at Location C.
642,Park Cleanup,2036-04-14,Location C,Park Cleanup happening at Location C.
643,Beach Cleanup,2036-04-21,Location B,Beach Cleanup happening at Location B.
644,Recycling Drive,2036-04-28,Location A,Recycling Drive happening at Location A.
645,Beach Cleanup,2036-05-05,Location C,Beach Cleanup happening at Location C.
646,Park Cleanup,2036-05-12,Location A,Park Cleanup happening at Location A.
647,Beach Cleanup,2036-05-19,Location A,Beach Cleanup happening at Location A.
648,Beach Cleanup,2036-05-26,Location C,Beach Cleanup happening at Location C.
649,Educational Workshop,2036-06-02,Location B,Educational Workshop happening at Location B.
650,Beach Cleanup,2036-06-09,Location A,Beach Cleanup happening at Location A.
651,Park Cleanup,2036-06-16,Location B,Park Cleanup happening at Location B.
652,Beach Cleanup,2036-06-23,Location C,Beach Cleanup happening at Location C.
653,Recycling Drive,2036-06-30,Location A,Recycling Drive happening at Location A.
654,Educational Workshop,2036-07-07,Location B,Educational Workshop happening at Location B.
655,Park Cleanup,2036-07-14,Location B,Park Cleanup happening at Location B.
656,Beach Cleanup,2036-07-21,Location A,Beach Cleanup happening at Location A.
657,Recycling Drive,2036-07-28,Location B,Recycling Drive happening at Location B.
658,Park Cleanup,2036-08-04,Location B,Park Cleanup happening at Location B.
659,Beach Cleanup,2036-08-11,Location C,Beach Cleanup happening at Location C.
660,Educational Workshop,2036-08-18,Location C,Educational Workshop happening at Location C.
661,Beach Cleanup,2036-08-25,Location B,Beach Cleanup happening at Location B.
662,Park Cleanup,2036-09-01,Location B,Park Cleanup happening at Location B.
663,Park Cleanup,2036-09-08,Location A,Park Cleanup happening at Location A.
664,Park Cleanup,2036-09-15,Location C,Park Cleanup happening at Location C.
665,Recycling Drive,2036-09-22,Location A,Recycling Drive happening at Location A.
666,Beach Cleanup,2036-09-29,Location B,Beach Cleanup happening at Location B.
667,Beach Cleanup,2036-10-06,Location A,Beach Cleanup happening at Location A.
668,Beach Cleanup,2036-10-13,Location B,Beach Cleanup happening at Location B.
669,Educational Workshop,2036-10-20,Location C,Educational Workshop happening at Location C.
670,Recycling Drive,2036-10-27,Location C,Recycling Drive happening at Location C.
671,Recycling Drive,2036-11-03,Location B,Recycling Drive happening at Location B.
672,Educational Workshop,2036-11-10,Location C,Educational Workshop happening at Location C.
673,Recycling Drive,2036-11-17,Location B,Recycling Drive happening at Location B.
674,Educational Workshop,2036-11-24,Location A,Educational Workshop happening at Location A.
675,Park Cleanup,2036-12-01,Location B,Park Cleanup happening at Location B.
676,Park Cleanup,2036-12-08,Location A,Park Cleanup happening at Location A.
677,Recycling Drive,2036-12-15,Location B,Recycling Drive happening at Location B.
678,Park Cleanup,2036-12-22,Location C,Park Cleanup happening at Location C.
679,Park Cleanup,2036-12-29,Location B,Park Cleanup happening at Location B.
680,Park Cleanup,2037-01-05,Location B,Park Cleanup happening at Location B.
681,Beach Cleanup,2037-01-12,Location B,Beach Cleanup happening at Location B.
682,Park Cleanup,2037-01-19,Location C,Park Cleanup happening at Location C.
683,Beach Cleanup,2037-01-26,Location B,Beach Cleanup happening at Location B.
684,Educational Workshop,2037-02-02,Location C,Educational Workshop happening at Location C.
685,Educational Workshop,2037-02-09,Location B,Educational Workshop happening at Location B.
686,Educational Workshop,2037-02-16,Location A,Educational Workshop happening at Location A.
687,Educational Workshop,2037-02-23,Location B,Educational Workshop happening at Location B.
688,Educational Workshop,2037-03-02,Location A,Educational Workshop happening at Location A.
689,Park Cleanup,2037-03-09,Location C,Park Cleanup happening at Location C.
690,Park Cleanup,2037-03-16,Location C,Park Cleanup happening at Location C.
691,Park Cleanup,2037-03-23,Location B,Park Cleanup happening at Location B.
692,Educational Workshop,2037-03-30,Location C,Educational Workshop happening at Location C.
693,Educational Workshop,2037-04-06,Location B,Educational Workshop happening at Location B.
694,Beach Cleanup,2037-04-13,Location C,Beach Cleanup happening at Location C.
695,Recycling Drive,2037-04-20,Location A,Recycling Drive happening at Location A.
696,Park Cleanup,2037-04-27,Location C,Park Cleanup happening at Location C.
697,Recycling Drive,2037-05-04,Location A,Recycling Drive happening at Location A.
698,Educational Workshop,2037-05-11,Location B,Educational Workshop happening at Location B.
699,Educational Workshop,2037-05-18,Location B,Educational Workshop happening at Location B.
700,Educational Workshop,2037-05-25,Location B,Educational Workshop happening at Location B.
701,Recycling Drive,2037-06-01,Location A,Recycling Drive happening at Location A.
702,Beach Cleanup,2037-06-08,Location B,Beach Cleanup happening at Location B.
703,Educational Workshop,2037-06-15,Location B,Educational Workshop happening at Location B.
704,Beach Cleanup,2037-06-22,Location A,Beach Cleanup happening at Location A.
705,Beach Cleanup,2037-06-29,Location C,Beach Cleanup happening at Location C.
706,Park Cleanup,2037-07-06,Location B,Park Cleanup happening at Location B.
707,Recycling Drive,2037-07-13,Location C,Recycling Drive happening at Location C.
708,Educational Workshop,2037-07-20,Location C,Educational Workshop happening at Location C.
709,Beach Cleanup,2037-07-27,Location B,Beach Cleanup happening at Location B.
710,Recycling Drive,2037-08-03,Location B,Recycling Drive happening at Location B.
711,Recycling Drive,2037-08-10,Location A,Recycling Drive happening at Location A.
712,Educational Workshop,2037-08-17,Location A,Educational Workshop happening at Location A.
713,Park Cleanup,2037-08-24,Location B,Park Cleanup happening at Location B.
714,Park Cleanup,2037-08-31,Location C,Park Cleanup happening at Location C.
715,Beach Cleanup,2037-09-07,Location A,Beach Cleanup happening at Location A.
716,Park Cleanup,2037-09-14,Location A,Park Cleanup happening at Location A.
717,Park Cleanup,2037-09-21,Location B,Park Cleanup happening at Location B.
718,Park Cleanup,2037-09-28,Location B,Park Cleanup happening at Location B.
719,Recycling Drive,2037-10-05,Location B,Recycling Drive happening at Location B.
720,Educational Workshop,2037-10-12,Location B,Educational Workshop happening at Location B.
721,Recycling Drive,2037-10-19,Location A,Recycling Drive happening at Location A.
722,Recycling Drive,2037-10-26,Location A,Recycling Drive happening at Location A.
723,Educational Workshop,2037-11-02,Location A,Educational Workshop happening at Location A.
724,Recycling Drive,2037-11-09,Location C,Recycling Drive happening at Location C.
725,Beach Cleanup,2037-11-16,Location A,Beach Cleanup happening at Location A.
726,Beach Cleanup,2037-11-23,Location A,Beach Cleanup happening at Location A.
727,Recycling Drive,2037-11-30,Location B,Recycling Drive happening at Location B.
728,Park Cleanup,2037-12-07,Location A,Park Cleanup happening at Location A.
729,Recycling Drive,2037-12-14,Location A,Recycling Drive happening at Location A.
730,Park Cleanup,2037-12-21,Location A,Park Cleanup happening at Location A.
731,Recycling Drive,2037-12-28,Location B,Recycling Drive happening at Location B.
732,Beach Cleanup,2038-01-04,Location A,Beach Cleanup happening at Location A.
733,Park Cleanup,2038-01-11,Location A,Park Cleanup happening at Location A.
734,Beach Cleanup,2038-01-18,Location C,Beach Cleanup happening at Location C.
735,Recycling Drive,2038-01-25,Location C,Recycling Drive happening at Location C.
736,Educational Workshop,2038-02-01,Location C,Educational Workshop happening at Location C.
737,Park Cleanup,2038-02-08,Location C,Park Cleanup happening at Location C.
738,Park Cleanup,2038-02-15,Location B,Park Cleanup happening at Location B.
739,Recycling Drive,2038-02-22,Location C,Recycling Drive happening at Location C.
740,Recycling Drive,2038-03-01,Location A,Recycling Drive happening at Location A.
741,Park Cleanup,2038-03-08,Location C,Park Cleanup happening at Location C.
742,Educational Workshop,2038-03-15,Location B,Educational Workshop happening at Location B.
743,Recycling Drive,2038-03-22,Location C,Recycling Drive happening at Location C.
744,Recycling Drive,2038-03-29,Location C,Recycling Drive happening at Location C.
745,Recycling Drive,2038-04-05,Location B,Recycling Drive happening at Location B.
746,Educational Workshop,2038-04-12,Location B,Educational Workshop happening at Location B.
747,Park Cleanup,2038-04-19,Location B,Park Cleanup happening at Location B.
748,Beach Cleanup,2038-04-26,Location B,Beach Cleanup happening at Location B.
749,Recycling Drive,2038-05-03,Location B,Recycling Drive happening at Location B.
750,Educational Workshop,2038-05-10,Location B,Educational Workshop happening at Location B.
751,Park Cleanup,2038-05-17,Location A,Park Cleanup happening at Location A.
752,Park Cleanup,2038-05-24,Location C,Park Cleanup happening at Location C.
753,Educational Workshop,2038-05-31,Location C,Educational Workshop happening at Location C.
754,Recycling Drive,2038-06-07,Location B,Recycling Drive happening at Location B.
755,Beach Cleanup,2038-06-14,Location B,Beach Cleanup happening at Location B.
756,Recycling Drive,2038-06-21,Location A,Recycling Drive happening at Location A.
757,Park Cleanup,2038-06-28,Location A,Park Cleanup happening at Location A.
758,Beach Cleanup,2038-07-05,Location B,Beach Cleanup happening at Location B.
759,Recycling Drive,2038-07-12,Location A,Recycling Drive happening at Location A.
760,Beach Cleanup,2038-07-19,Location A,Beach Cleanup happening at Location A.
761,Educational Workshop,2038-07-26,Location B,Educational Workshop happening at Location B.
762,Recycling Drive,2038-08-02,Location B,Recycling Drive happening at Location B.
763,Park Cleanup,2038-08-09,Location B,Park Cleanup happening at Location B.
764,Park Cleanup,2038-08-16,Location B,Park Cleanup happening at Location B.
765,Beach Cleanup,2038-08-23,Location C,Beach Cleanup happening at Location C.
766,Educational Workshop,2038-08-30,Location C,Educational Workshop happening at Location C.
767,Recycling Drive,2038-09-06,Location B,Recycling Drive happening at Location B.
768,Educational Workshop,2038-09-13,Location A,Educational Workshop happening at Location A.
769,Educational Workshop,2038-09-20,Location B,Educational Workshop happening at Location B.
770,Beach Cleanup,2038-09-27,Location C,Beach Cleanup happening at Location C.
771,Beach Cleanup,2038-10-04,Location A,Beach Cleanup happening at Location A.
772,Recycling Drive,2038-10-11,Location C,Recycling Drive happening at Location C.
773,Park Cleanup,2038-10-18,Location B,Park Cleanup happening at Location B.
774,Recycling Drive,2038-10-25,Location C,Recycling Drive happening at Location C.
775,Educational Workshop,2038-11-01,Location C,Educational Workshop happening at Location C.
776,Beach Cleanup,2038-11-08,Location C,Beach Cleanup happening at Location C.
777,Educational Workshop,2038-11-15,Location A,Educational Workshop happening at Location A.
778,Beach Cleanup,2038-11-22,Location C,Beach Cleanup happening at Location C.
779,Park Cleanup,2038-11-29,Location A,Park Cleanup happening at Location A.
780,Educational Workshop,2038-12-06,Location B,Educational Workshop happening at Location B.
781,Beach Cleanup,2038-12-13,Location B,Beach Cleanup happening at Location B.
782,Recycling Drive,2038-12-20,Location C,Recycling Drive happening at Location C.
783,Recycling Drive,2038-12-27,Location A,Recycling Drive happening at Location A.
784,Recycling Drive,2039-01-03,Location B,Recycling Drive happening at Location B.
785,Educational Workshop,2039-01-10,Location A,Educational Workshop happening at Location A.
786,Beach Cleanup,2039-01-17,Location A,Beach Cleanup happening at Location A.
787,Beach Cleanup,2039-01-24,Location C,Beach Cleanup happening at Location C.
788,Beach Cleanup,2039-01-31,Location C,Beach Cleanup happening at Location C.
789,Educational Workshop,2039-02-07,Location A,Educational Workshop happening at Location A.
790,Beach Cleanup,2039-02-14,Location A,Beach Cleanup happening at Location A.
791,Park Cleanup,2039-02-21,Location C,Park Cleanup happening at Location C.
792,Educational Workshop,2039-02-28,Location A,Educational Workshop happening at Location A.
793,Park Cleanup,2039-03-07,Location C,Park Cleanup happening at Location C.
794,Park Cleanup,2039-03-14,Location A,Park Cleanup happening at Location A.
795,Recycling Drive,2039-03-21,Location C,Recycling Drive happening at Location C.
796,Educational Workshop,2039-03-28,Location A,Educational Workshop happening at Location A.
797,Beach Cleanup,2039-04-04,Location C,Beach Cleanup happening at Location C.
798,Park Cleanup,2039-04-11,Location A,Park Cleanup happening at Location A.
799,Educational Workshop,2039-04-18,Location B,Educational Workshop happening at Location B.
800,Beach Cleanup,2039-04-25,Location B,Beach Cleanup happening at Location B.
801,Recycling Drive,2039-05-02,Location A,Recycling Drive happening at Location A.
802,Educational Workshop,2039-05-09,Location B,Educational Workshop happening at Location B.
803,Educational Workshop,2039-05-16,Location A,Educational Workshop happening at Location A.
804,Educational Workshop,2039-05-23,Location A,Educational Workshop happening at Location A.
805,Beach Cleanup,2039-05-30,Location B,Beach Cleanup happening at Location B.
806,Park Cleanup,2039-06-06,Location A,Park Cleanup happening at Location A.
807,Park Cleanup,2039-06-13,Location C,Park Cleanup happening at Location C.
808,Educational Workshop,2039-06-20,Location A,Educational Workshop happening at Location A.
809,Educational Workshop,2039-06-27,Location A,Educational Workshop happening at Location A.
810,Beach Cleanup,2039-07-04,Location B,Beach Cleanup happening at Location B.
811,Recycling Drive,2039-07-11,Location C,Recycling Drive happening at Location C.
812,Educational Workshop,2039-07-18,Location A,Educational Workshop happening at Location A.
813,Educational Workshop,2039-07-25,Location A,Educational Workshop happening at Location A.
814,Recycling Drive,2039-08-01,Location A,Recycling Drive happening at Location A.
815,Educational Workshop,2039-08-08,Location A,Educational Workshop happening at Location A.
816,Park Cleanup,2039-08-15,Location A,Park Cleanup happening at Location A.
817,Educational Workshop,2039-08-22,Location A,Educational Workshop happening at Location A.
818,Park Cleanup,2039-08-29,Location C,Park Cleanup happening at Location C.
819,Beach Cleanup,2039-09-05,Location C,Beach Cleanup happening at Location C.
820,Beach Cleanup,2039-09-12,Location A,Beach Cleanup happening at Location A.
821,Park Cleanup,2039-09-19,Location A,Park Cleanup happening at Location A.
822,Park Cleanup,2039-09-26,Location B,Park Cleanup happening at Location B.
823,Recycling Drive,2039-10-03,Location C,Recycling Drive happening at Location C.
824,Park Cleanup,2039-10-10,Location C,Park Cleanup happening at Location C.
825,Park Cleanup,2039-10-17,Location A,Park Cleanup happening at Location A.
826,Educational Workshop,2039-10-24,Location C,Educational Workshop happening at Location C.
827,Recycling Drive,2039-10-31,Location C,Recycling Drive happening at Location C.
828,Park Cleanup,2039-11-07,Location B,Park Cleanup happening at Location B.
829,Park Cleanup,2039-11-14,Location B,Park Cleanup happening at Location B.
830,Park Cleanup,2039-11-21,Location C,Park Cleanup happening at Location C.
831,Educational Workshop,2039-11-28,Location C,Educational Workshop happening at Location C.
832,Educational Workshop,2039-12-05,Location C,Educational Workshop happening at Location C.
833,Educational Workshop,2039-12-12,Location A,Educational Workshop happening at Location A.
834,Beach Cleanup,2039-12-19,Location B,Beach Cleanup happening at Location B.
835,Educational Workshop,2039-12-26,Location A,Educational Workshop happening at Location A.
836,Park Cleanup,2040-01-02,Location B,Park Cleanup happening at Location B.
837,Educational Workshop,2040-01-09,Location B,Educational Workshop happening at Location B.
838,Educational Workshop,2040-01-16,Location B,Educational Workshop happening at Location B.
839,Recycling Drive,2040-01-23,Location C,Recycling Drive happening at Location C.
840,Park Cleanup,2040-01-30,Location B,Park Cleanup happening at Location B.
841,Educational Workshop,2040-02-06,Location A,Educational Workshop happening at Location A.
842,Beach Cleanup,2040-02-13,Location B,Beach Cleanup happening at Location B.
843,Recycling Drive,2040-02-20,Location A,Recycling Drive happening at Location A.
844,Educational Workshop,2040-02-27,Location B,Educational Workshop happening at Location B.
845,Recycling Drive,2040-03-05,Location B,Recycling Drive happening at Location B.
846,Recycling Drive,2040-03-12,Location C,Recycling Drive happening at Location C.
847,Beach Cleanup,2040-03-19,Location A,Beach Cleanup happening at Location A.
848,Beach Cleanup,2040-03-26,Location B,Beach Cleanup happening at Location B.
849,Beach Cleanup,2040-04-02,Location B,Beach Cleanup happening at Location B.
850,Park Cleanup,2040-04-09,Location A,Park Cleanup happening at Location A.
851,Recycling Drive,2040-04-16,Location B,Recycling Drive happening at Location B.
852,Educational Workshop,2040-04-23,Location C,Educational Workshop happening at Location C.
853,Beach Cleanup,2040-04-30,Location A,Beach Cleanup happening at Location A.
854,Beach Cleanup,2040-05-07,Location C,Beach Cleanup happening at Location C.
855,Recycling Drive,2040-05-14,Location A,Recycling Drive happening at Location A.
856,Recycling Drive,2040-05-21,Location A,Recycling Drive happening at Location A.
857,Recycling Drive,2040-05-28,Location A,Recycling Drive happening at Location A.
858,Educational Workshop,2040-06-04,Location B,Educational Workshop happening at Location B.
859,Park Cleanup,2040-06-11,Location A,Park Cleanup happening at Location A.
860,Park Cleanup,2040-06-18,Location A,Park Cleanup happening at Location A.
861,Beach Cleanup,2040-06-25,Location A,Beach Cleanup happening at Location A.
862,Park Cleanup,2040-07-02,Location C,Park Cleanup happening at Location C.
863,Educational Workshop,2040-07-09,Location A,Educational Workshop happening at Location A.
864,Park Cleanup,2040-07-16,Location B,Park Cleanup happening at Location B.
865,Educational Workshop,2040-07-23,Location A,Educational Workshop happening at Location A.
866,Beach Cleanup,2040-07-30,Location A,Beach Cleanup happening at Location A.
867,Recycling Drive,2040-08-06,Location C,Recycling Drive happening at Location C.
868,Educational Workshop,2040-08-13,Location B,Educational Workshop happening at Location B.
869,Recycling Drive,2040-08-20,Location B,Recycling Drive happening at Location B.
870,Beach Cleanup,2040-08-27,Location B,Beach Cleanup happening at Location B.
871,Educational Workshop,2040-09-03,Location A,Educational Workshop happening at Location A.
872,Educational Workshop,2040-09-10,Location A,Educational Workshop happening at Location A.
873,Park Cleanup,2040-09-17,Location B,Park Cleanup happening at Location B.
874,Educational Workshop,2040-09-24,Location B,Educational Workshop happening at Location B.
875,Beach Cleanup,2040-10-01,Location C,Beach Cleanup happening at Location C.
876,Recycling Drive,2040-10-08,Location B,Recycling Drive happening at Location B.
877,Educational Workshop,2040-10-15,Location A,Educational Workshop happening at Location A.
878,Beach Cleanup,2040-10-22,Location A,Beach Cleanup happening at Location A.
879,Beach Cleanup,2040-10-29,Location A,Beach Cleanup happening at Location A.
880,Educational Workshop,2040-11-05,Location C,Educational Workshop happening at Location C.
881,Park Cleanup,2040-11-12,Location B,Park Cleanup happening at Location B.
882,Educational Workshop,2040-11-19,Location A,Educational Workshop happening at Location A.
883,Educational Workshop,2040-11-26,Location C,Educational Workshop happening at Location C.
884,Park Cleanup,2040-12-03,Location C,Park Cleanup happening at Location C.
885,Beach Cleanup,2040-12-10,Location A,Beach Cleanup happening at Location A.
886,Educational Workshop,2040-12-17,Location C,Educational Workshop happening at Location C.
887,Park Cleanup,2040-12-24,Location C,Park Cleanup happening at Location C.
888,Recycling Drive,2040-12-31,Location A,Recycling Drive happening at Location A.
889,Recycling Drive,2041-01-07,Location C,Recycling Drive happening at Location C.
890,Park Cleanup,2041-01-14,Location A,Park Cleanup happening at Location A.
891,Beach Cleanup,2041-01-21,Location A,Beach Cleanup happening at Location A.
892,Park Cleanup,2041-01-28,Location C,Park Cleanup happening at Location C.
893,Beach Cleanup,2041-02-04,Location A,Beach Cleanup happening at Location A.
894,Recycling Drive,2041-02-11,Location A,Recycling Drive happening at Location A.
895,Educational Workshop,2041-02-18,Location B,Educational Workshop happening at Location B.
896,Park Cleanup,2041-02-25,Location A,Park Cleanup happening at Location A.
897,Recycling Drive,2041-03-04,Location B,Recycling Drive happening at Location B.
898,Educational Workshop,2041-03-11,Location B,Educational Workshop happening at Location B.
899,Recycling Drive,2041-03-18,Location B,Recycling Drive happening at Location B.
900,Park Cleanup,2041-03-25,Location B,Park Cleanup happening at Location B.
901,Park Cleanup,2041-04-01,Location C,Park Cleanup happening at Location C.
902,Educational Workshop,2041-04-08,Location C,Educational Workshop happening at Location C.
903,Park Cleanup,2041-04-15,Location A,Park Cleanup happening at Location A.
904,Recycling Drive,2041-04-22,Location A,Recycling Drive happening at Location A.
905,Educational Workshop,2041-04-29,Location A,Educational Workshop happening at Location A.
906,Educational Workshop,2041-05-06,Location C,Educational Workshop happening at Location C.
907,Recycling Drive,2041-05-13,Location B,Recycling Drive happening at Location B.
908,Beach Cleanup,2041-05-20,Location C,Beach Cleanup happening at Location C.
909,Educational Workshop,2041-05-27,Location C,Educational Workshop happening at Location C.
910,Beach Cleanup,2041-06-03,Location A,Beach Cleanup happening at Location A.
911,Recycling Drive,2041-06-10,Location A,Recycling Drive happening at Location A.
912,Recycling Drive,2041-06-17,Location A,Recycling Drive happening at Location A.
913,Educational Workshop,2041-06-24,Location B,Educational Workshop happening at Location B.
914,Park Cleanup,2041-07-01,Location B,Park Cleanup happening at Location B.
915,Educational Workshop,2041-07-08,Location C,Educational Workshop happening at Location C.
916,Park Cleanup,2041-07-15,Location B,Park Cleanup happening at Location B.
917,Beach Cleanup,2041-07-22,Location A,Beach Cleanup happening at Location A.
918,Park Cleanup,2041-07-29,Location B,Park Cleanup happening at Location B.
919,Educational Workshop,2041-08-05,Location B,Educational Workshop happening at Location B.
920,Park Cleanup,2041-08-12,Location B,Park Cleanup happening at Location B.
921,Recycling Drive,2041-08-19,Location B,Recycling Drive happening at Location B.
922,Beach Cleanup,2041-08-26,Location A,Beach Cleanup happening at Location A.
923,Recycling Drive,2041-09-02,Location A,Recycling Drive happening at Location A.
924,Recycling Drive,2041-09-09,Location C,Recycling Drive happening at Location C.
925,Recycling Drive,2041-09-16,Location C,Recycling Drive happening at Location C.
926,Recycling Drive,2041-09-23,Location C,Recycling Drive happening at Location C.
927,Park Cleanup,2041-09-30,Location B,Park Cleanup happening at Location B.
928,Recycling Drive,2041-10-07,Location B,Recycling Drive happening at Location B.
929,Park Cleanup,2041-10-14,Location A,Park Cleanup happening at Location A.
930,Recycling Drive,2041-10-21,Location C,Recycling Drive happening at Location C.
931,Educational Workshop,2041-10-28,Location A,Educational Workshop happening at Location A.
932,Recycling Drive,2041-11-04,Location C,Recycling Drive happening at Location C.
933,Educational Workshop,2041-11-11,Location C,Educational Workshop happening at Location C.
934,Park Cleanup,2041-11-18,Location C,Park Cleanup happening at Location C.
935,Beach Cleanup,2041-11-25,Location B,Beach Cleanup happening at Location B.
936,Park Cleanup,2041-12-02,Location C,Park Cleanup happening at Location C.
937,Beach Cleanup,2041-12-09,Location C,Beach Cleanup happening at Location C.
938,Beach Cleanup,2041-12-16,Location B,Beach Cleanup happening at Location B.
939,Recycling Drive,2041-12-23,Location C,Recycling Drive happening at Location C.
940,Beach Cleanup,2041-12-30,Location B,Beach Cleanup happening at Location B.
941,Park Cleanup,2042-01-06,Location B,Park Cleanup happening at Location B.
942,Recycling Drive,2042-01-13,Location A,Recycling Drive happening at Location A.
943,Beach Cleanup,2042-01-20,Location B,Beach Cleanup happening at Location B.
944,Park Cleanup,2042-01-27,Location B,Park Cleanup happening at Location B.
945,Beach Cleanup,2042-02-03,Location B,Beach Cleanup happening at Location B.
946,Beach Cleanup,2042-02-10,Location C,Beach Cleanup happening at Location C.
947,Recycling Drive,2042-02-17,Location A,Recycling Drive happening at Location A.
948,Recycling Drive,2042-02-24,Location C,Recycling Drive happening at Location C.
949,Park Cleanup,2042-03-03,Location B,Park Cleanup happening at Location B.
950,Recycling Drive,2042-03-10,Location B,Recycling Drive happening at Location B.
951,Recycling Drive,2042-03-17,Location A,Recycling Drive happening at Location A.
952,Educational Workshop,2042-03-24,Location A,Educational Workshop happening at Location A.
953,Educational Workshop,2042-03-31,Location B,Educational Workshop happening at Location B.
954,Park Cleanup,2042-04-07,Location B,Park Cleanup happening at Location B.
955,Recycling Drive,2042-04-14,Location C,Recycling Drive happening at Location C.
956,Park Cleanup,2042-04-21,Location B,Park Cleanup happening at Location B.
957,Educational Workshop,2042-04-28,Location C,Educational Workshop happening at Location C.
958,Educational Workshop,2042-05-05,Location A,Educational Workshop happening at Location A.
959,Educational Workshop,2042-05-12,Location C,Educational Workshop happening at Location C.
960,Park Cleanup,2042-05-19,Location B,Park Cleanup happening at Location B.
961,Recycling Drive,2042-05-26,Location C,Recycling Drive happening at Location C.
962,Beach Cleanup,2042-06-02,Location C,Beach Cleanup happening at Location C.
963,Recycling Drive,2042-06-09,Location A,Recycling Drive happening at Location A.
964,Park Cleanup,2042-06-16,Location C,Park Cleanup happening at Location C.
965,Educational Workshop,2042-06-23,Location B,Educational Workshop happening at Location B.
966,Beach Cleanup,2042-06-30,Location C,Beach Cleanup happening at Location C.
967,Park Cleanup,2042-07-07,Location C,Park Cleanup happening at Location C.
968,Educational Workshop,2042-07-14,Location C,Educational Workshop happening at Location C.
969,Park Cleanup,2042-07-21,Location B,Park Cleanup happening at Location B.
970,Beach Cleanup,2042-07-28,Location C,Beach Cleanup happening at Location C.
971,Educational Workshop,2042-08-04,Location B,Educational Workshop happening at Location B.
972,Recycling Drive,2042-08-11,Location C,Recycling Drive happening at Location C.
973,Park Cleanup,2042-08-18,Location A,Park Cleanup happening at Location A.
974,Beach Cleanup,2042-08-25,Location A,Beach Cleanup happening at Location A.
975,Recycling Drive,2042-09-01,Location A,Recycling Drive happening at Location A.
976,Beach Cleanup,2042-09-08,Location B,Beach Cleanup happening at Location B.
977,Park Cleanup,2042-09-15,Location B,Park Cleanup happening at Location B.
978,Beach Cleanup,2042-09-22,Location B,Beach Cleanup happening at Location B.
979,Educational Workshop,2042-09-29,Location C,Educational Workshop happening at Location C.
980,Beach Cleanup,2042-10-06,Location B,Beach Cleanup happening at Location B.
981,Park Cleanup,2042-10-13,Location B,Park Cleanup happening at Location B.
982,Educational Workshop,2042-10-20,Location B,Educational Workshop happening at Location B.
983,Beach Cleanup,2042-10-27,Location B,Beach Cleanup happening at Location B.
984,Beach Cleanup,2042-11-03,Location A,Beach Cleanup happening at Location A.
985,Educational Workshop,2042-11-10,Location C,Educational Workshop happening at Location C.
986,Recycling Drive,2042-11-17,Location A,Recycling Drive happening at Location A.
987,Recycling Drive,2042-11-24,Location C,Recycling Drive happening at Location C.
988,Educational Workshop,2042-12-01,Location C,Educational Workshop happening at Location C.
989,Beach Cleanup,2042-12-08,Location A,Beach Cleanup happening at Location A.
990,Recycling Drive,2042-12-15,Location B,Recycling Drive happening at Location B.
991,Educational Workshop,2042-12-22,Location A,Educational Workshop happening at Location A.
992,Park Cleanup,2042-12-29,Location C,Park Cleanup happening at Location C.
993,Beach Cleanup,2043-01-05,Location C,Beach Cleanup happening at Location C.
994,Park Cleanup,2043-01-12,Location B,Park Cleanup happening at Location B.
995,Beach Cleanup,2043-01-19,Location A,Beach Cleanup happening at Location A.
996,Recycling Drive,2043-01-26,Location C,Recycling Drive happening at Location C.
997,Park Cleanup,2043-02-02,Location A,Park Cleanup happening at Location A.
998,Park Cleanup,2043-02-09,Location B,Park Cleanup happening at Location B.
999,Educational Workshop,2043-02-16,Location B,Educational Workshop happening at Location B.
1000,Recycling Drive,2043-02-23,Location C,Recycling Drive happening at Location C.
